first-name,last-name,age
John,Hall,79
Nicole,Roach,90
Danielle,Nguyen,96
Pamela,Bentley,38
Carrie,Fox,15
Stephanie,Steele,2
Michelle,Brooks,39
Katherine,Thomas,0
Benjamin,Caldwell,7
Tommy,Moore,58
James,Walker,2
Christy,Watkins,2
Sherry,Martinez,44
Savannah,Hendrix,6
Bailey,Malone,3
Christopher,Franklin,30
William,Carroll,43
Christopher,Price,0
Shelley,Diaz,48
Nichole,Jordan,7
David,Rivera,4
Andrea,Martin,7
Stanley,Goodwin,6
Christopher,Ortega,2
Eric,Washington,54
Sabrina,Jimenez,55
Robert,Johnson,67
Marco,Brown,9
Brian,Casey,36
Jeffrey,Mccall,0
Gregory,Hopkins,91
William,Jones,52
Zachary,Gonzales,32
Mark,Nguyen,6
Christopher,Carter,9
Alexis,Sanders,85
Marc,King,4
Adam,Dixon,7
Patricia,Murphy,4
Amanda,Schneider,53
Valerie,Yu,7
Eric,Smith,35
Robert,Young,6
William,Boyle,6
Karen,Ross,7
Patricia,White,99
Robert,Howell,62
Jorge,Allen,29
Jessica,Velez,4
Richard,Anderson,2
Anthony,Marsh,6
Adam,Boone,2
Randy,Miller,38
Brittany,Gomez,61
Leon,Rios,1
Erica,Curtis,9
Christopher,Cruz,4
Dave,Fritz,9
Edward,Brown,58
Lori,Brown,1
Victor,Bradley,18
Susan,Rice,65
Elizabeth,Mullins,83
Sandra,Delgado,78
Xavier,Harrell,8
Michael,Miller,47
Justin,Norman,57
Lonnie,Miller,42
Christina,Moses,53
Erin,Bradshaw,4
Zachary,Winters,1
Douglas,Hale,34
Neil,Willis,75
Mark,Bryant,2
Nicholas,Velez,4
Cody,Jackson,56
Brittany,Hebert,74
Keith,Krueger,95
Sherri,Clark,98
Brian,Atkinson,0
Mary,Wilson,2
Ashley,Grimes,0
Michelle,Hernandez,4
Chelsea,Parks,83
Timothy,Robertson,1
Stephanie,Clark,12
Donald,Martinez,5
Tammy,Jackson,30
Victoria,Miller,1
Melissa,Vaughn,9
Jason,Austin,14
Karen,Case,0
Wanda,Jarvis,8
Holly,Cunningham,7
Michelle,Mann,37
Steven,Calderon,84
Kristen,Mendoza,68
Madison,Davis,79
Lindsey,Gould,3
Samantha,Terrell,0
Jesse,Jackson,9
Elizabeth,Williams,8
Kimberly,White,21
Cynthia,Wilson,75
Paul,Cardenas,62
Wesley,Cox,8
Jonathon,Frank,2
Joshua,Mitchell,20
Erica,Ryan,43
Jill,Hill,9
Samantha,Campbell,8
Joshua,Murillo,17
Joseph,Morse,2
Austin,Sparks,16
Victor,Francis,8
Christina,Gutierrez,3
Samuel,Mcdonald,9
Karen,Alexander,27
Mary,Robinson,5
Sean,Clark,8
Sharon,Sanchez,67
Daniel,Keller,37
Beth,Johnson,0
Katie,Simpson,8
Douglas,Hernandez,26
Amanda,Baker,73
Richard,Wright,8
Elizabeth,Vazquez,32
Richard,Beck,12
Chad,Nelson,86
Justin,Smith,3
Maria,Williams,25
Tina,Glover,95
Zachary,Olson,2
Stacy,Smith,8
Emily,Briggs,25
Ronald,Ward,8
Brittany,Joseph,8
Chelsea,Drake,72
Vincent,Rice,10
Donald,Pratt,3
Ian,Davis,4
Laura,Powers,78
Mary,Cook,3
Eric,Morgan,1
Kenneth,Black,1
Andrew,Garcia,4
Andrea,Lewis,52
Susan,Leach,2
Mary,Sanders,76
Morgan,Curtis,84
Taylor,Smith,9
John,Delacruz,52
Kimberly,Newman,50
Matthew,Cox,4
Brooke,Klein,47
Jessica,Taylor,3
Tiffany,Watts,9
Thomas,Pena,5
Brian,Smith,8
Joshua,Gomez,4
Vincent,Johnson,90
Laura,Mccall,41
Barbara,Oconnor,9
Stephanie,Velazquez,1
Kimberly,Cantrell,19
Nicole,Bird,5
Mallory,Santiago,3
Jason,Williams,56
Paul,Faulkner,70
Michelle,Cobb,71
Dustin,Burns,9
Linda,Greene,7
Maria,Barnes,5
Daniel,Smith,51
Susan,Boyer,9
Ryan,Martinez,1
Kimberly,Wallace,0
Suzanne,Owens,4
Shelia,Harris,2
Elizabeth,Walker,2
Anita,Johnson,3
Erica,Barnett,7
Amanda,Stout,1
Kristin,Bush,2
Marissa,Perry,22
Marc,Gomez,73
Charles,Castillo,78
Hannah,Garcia,2
Sara,Gonzalez,6
William,Rosales,72
Lisa,Brown,5
Aaron,Gilbert,2
Clifford,Warren,5
Alex,Alvarez,5
Bruce,Tyler,76
Jennifer,Hardy,2
Nicole,Smith,3
Amber,Nichols,37
Susan,Strickland,82
Joseph,Vaughan,9
Marie,Anderson,83
Sabrina,Yang,78
Pamela,Mitchell,0
Richard,Evans,5
Michael,Wright,9
Stacy,Vargas,83
Lawrence,Martin,6
Brandy,Martinez,2
William,Farmer,89
Steven,Mendoza,1
Kelsey,Brown,2
Jeffery,Mitchell,12
Donna,Marquez,1
Jennifer,Greer,13
Samantha,Gibbs,49
Shelly,Middleton,6
Susan,Howell,7
Kevin,Flynn,78
Selena,Davis,60
Christine,Fry,0
Kimberly,Smith,1
Michelle,Long,5
Rebekah,Price,6
Barbara,Davis,62
John,Sanders,77
Michael,Maxwell,65
Cristian,Harrington,5
Gina,Fischer,2
Robert,Harris,0
Billy,Garcia,99
Susan,Johnson,2
Deanna,Newman,8
Monica,Brown,0
Ryan,Jefferson,8
Robert,Nguyen,1
Theresa,Brock,6
Walter,Pittman,12
Nicole,Lutz,0
Shawn,Cain,0
Brenda,Miller,15
Sandra,Thompson,6
Cole,Wood,8
Jenna,Burke,0
Timothy,Watson,1
Daniel,Lewis,7
Gregory,Young,6
Todd,Hood,3
Victoria,Melendez,4
Brent,Lopez,84
Tanner,Rocha,8
Christopher,Montgomery,0
Ryan,Yang,36
James,Gonzalez,5
Matthew,Hale,9
Laura,Mcknight,26
Andrew,Lutz,2
Eric,Ford,16
Stephanie,Fisher,99
Robert,Cochran,4
Eric,Coleman,1
Stephanie,Ray,79
Dominique,Green,4
Eric,Taylor,6
Christopher,Williams,9
Rodney,Smith,1
Michelle,Wilson,16
Nathan,Dalton,1
Tracey,Williams,91
Carmen,Reynolds,44
Eric,Weaver,6
Michael,Barron,39
Christina,Roberson,50
Timothy,Blackwell,30
Mary,Miller,21
Jason,Valencia,10
Emma,Ward,6
James,Charles,5
Justin,Wheeler,0
Susan,Johnson,2
Dana,Valdez,44
Wesley,Howard,87
Johnathan,Chapman,63
Michael,Good,47
Blake,Bartlett,46
Bryan,Jimenez,62
Olivia,Walton,9
James,Martin,91
Angela,Payne,1
Sonya,Pacheco,3
Tanner,Wheeler,4
Jessica,Espinoza,1
Daniel,Lee,87
Justin,Wilkinson,2
Ashley,Nguyen,71
Francisco,Church,30
John,Chavez,18
Tammy,Wright,0
Tim,Vasquez,0
Michael,Smith,4
Peggy,Rice,6
Dan,Marquez,6
Riley,Powers,28
Paul,Davis,64
Jessica,Curry,53
John,Washington,18
Brianna,Martin,2
Jesse,Gonzalez,35
Lindsay,Woods,4
George,Gallagher,58
Shannon,Ayala,3
April,Ayala,64
Sarah,Maldonado,2
Megan,Martin,23
Evelyn,Guzman,8
Elizabeth,Estes,1
Kimberly,Webster,90
Derek,Hayden,0
Joseph,Juarez,8
Crystal,Woodard,12
Dakota,Murphy,59
Kristen,Mitchell,78
Lauren,Collins,2
Lindsey,Brooks,9
Emily,Scott,2
William,Sawyer,86
Zachary,Ayala,87
Scott,Reeves,74
Kim,Davis,95
Meghan,Hudson,17
Paul,Madden,89
Destiny,Castillo,9
Jennifer,White,13
Emily,Carroll,1
Melissa,Barrett,40
Michael,Gonzalez,5
Cassandra,Evans,1
Jerry,Smith,5
Elizabeth,Cruz,6
Eric,Gonzalez,1
Melissa,Gardner,58
Michael,Serrano,4
Donald,Aguilar,8
Christine,Bailey,8
Angela,Taylor,31
Philip,Lee,99
Morgan,Williams,1
Donna,Smith,19
Thomas,Phillips,6
Bobby,Quinn,7
Marcus,Mendoza,2
Daryl,Ortiz,2
Robert,Tate,7
Christopher,Becker,30
Mark,Hawkins,23
Zachary,Adams,53
Steven,Giles,1
Jennifer,Walsh,35
Sean,Terrell,46
Joshua,Pitts,7
Kathryn,Arnold,2
Jesse,Foster,65
Barbara,Miller,46
Michael,Harris,7
Courtney,Hudson,5
Samuel,Maxwell,67
Amanda,Shelton,4
John,Landry,1
Jean,Cardenas,13
Nicole,Michael,52
Alex,Hall,4
Dakota,Gilbert,1
Joshua,Forbes,8
Erin,Smith,8
Mary,Watson,81
Christopher,Moore,76
Nina,Decker,4
Joseph,Ward,0
Ryan,Edwards,4
Alexander,Howard,34
Pamela,Carr,59
Peggy,Arnold,4
Shannon,Harmon,8
Tanya,Petty,92
Erica,Avery,23
David,Stanton,3
Robin,Gonzalez,4
Christopher,Richard,40
Zachary,Brown,34
Mathew,Walsh,1
Elizabeth,Stanton,57
Sarah,Hunter,7
Carla,Fernandez,94
Joshua,Hamilton,50
Erin,Young,6
Michael,Sanders,19
Amy,Wood,19
Robert,Jones,9
Ashley,Mcdowell,78
Eric,Herrera,4
Rhonda,Harris,49
James,Wade,8
Thomas,Marshall,69
Mary,Johnson,7
Mark,Pena,27
Natalie,Short,35
Tara,Estrada,4
Dustin,Dean,31
Kenneth,Baker,5
Jamie,Banks,2
Jason,Newman,34
Jeffrey,Fisher,98
Jerome,Bishop,8
Nicolas,Smith,6
Justin,Castro,84
Wendy,Thomas,27
Morgan,Roberts,25
Eugene,Gutierrez,38
Jennifer,Rivera,4
Katherine,Valencia,40
Douglas,Maynard,4
Pamela,Hart,1
Tina,Morales,68
Daniel,Long,25
Stephanie,Arellano,57
James,Vargas,30
Kristin,Rivera,38
Amy,Kennedy,81
Meredith,Stephens,35
James,Carroll,75
Jesse,Norris,46
Heather,Morrison,73
Deborah,Woods,4
Rebecca,Mendoza,22
Chad,Smith,91
Amy,Reynolds,17
Kelly,Snow,4
Amy,Freeman,8
Samantha,Lam,80
Taylor,Owens,9
Timothy,Beck,6
Teresa,Sampson,46
Denise,Fischer,5
Christian,Davis,9
John,Williams,71
Jessica,Griffin,0
Scott,Murray,3
Craig,Hendricks,83
Carla,Levine,20
Christopher,Coleman,97
Larry,Banks,42
Melissa,Lewis,5
Robert,Woods,9
Donald,Martinez,0
Chad,Soto,16
Ricky,Castaneda,4
James,Garcia,6
Taylor,Thomas,2
Denise,Smith,5
Derek,Patton,7
Matthew,Rodriguez,5
Daniel,Wilcox,98
Caleb,Ramsey,78
William,Gonzales,8
Daniel,Simmons,58
Miranda,Greene,2
Melissa,Lopez,57
Sandra,Baker,1
Anthony,Curry,14
Scott,Edwards,84
Richard,Dixon,7
William,Archer,1
Patricia,Li,7
Haley,Fox,68
Wanda,Carter,0
Troy,Bowen,1
Michael,Cook,34
Melissa,Jones,4
Carolyn,Phillips,14
Tammy,Hill,6
Shelia,Fritz,4
Carol,Baldwin,95
Christy,Meyer,29
Todd,Williams,85
Elizabeth,Becker,68
Jamie,Walker,3
Shelby,Henry,24
Christopher,Taylor,63
Renee,Rogers,23
Brandon,Ramirez,24
Vincent,Campos,30
Teresa,Smith,67
Donald,Tate,91
Jennifer,Kemp,10
Frank,Adams,6
Todd,Fields,9
Richard,Smith,37
Jason,Hoover,4
Alfred,Murillo,4
Anthony,Jones,64
Michael,Mccarty,8
Dylan,Gonzales,79
Kendra,Simmons,7
Melvin,Barry,39
Teresa,Gardner,1
Devin,Lopez,30
Thomas,Wilson,74
Brian,Reilly,41
Anthony,Serrano,54
Susan,Garcia,31
Jonathan,Francis,96
Rebecca,Garcia,73
April,Evans,89
Timothy,Mccarty,4
Patrick,Rivers,5
Patricia,Acevedo,9
Nicholas,Wilson,24
Anthony,Vincent,3
Robert,Hogan,81
Kathleen,Smith,48
Casey,Buckley,3
Amber,Turner,51
Charles,Anderson,6
Michelle,Brooks,0
Tasha,Frank,59
Erin,Vega,4
Kenneth,Mcmillan,30
Christina,Moreno,9
Lauren,Taylor,5
Devin,Gonzalez,17
Tammy,Mitchell,14
Joseph,Morales,95
Melinda,Mccarthy,80
Paul,Forbes,5
Brian,Rodriguez,49
Duane,Lee,21
Christopher,Haney,37
Brandon,Frey,5
Jennifer,Johnson,9
Virginia,Russell,41
Randy,Terrell,54
Melinda,Herrera,6
Walter,Hays,6
Carlos,George,2
Jennifer,Rodriguez,0
Ivan,Ramirez,20
Austin,Gaines,46
Melissa,Le,9
Nicole,Wyatt,4
Douglas,Johnson,79
Christopher,Long,0
Richard,Chavez,43
Jennifer,Campos,76
Michael,Hall,6
Thomas,James,87
Brenda,Brown,68
Robin,Mitchell,6
Susan,Meyers,2
Amy,Stephenson,24
Lori,Garcia,39
Melissa,Booth,5
Laurie,Robertson,0
Phillip,Duke,88
Diana,Lester,3
Maureen,Moody,45
Lisa,Richardson,34
Jacob,Carlson,19
Raven,Summers,46
Ashley,Macdonald,7
Jerry,Parker,3
Pamela,Holt,55
Mary,Randolph,4
Karen,Patterson,8
Kimberly,Wilson,0
Anna,Wilcox,77
Dennis,Cook,23
Elizabeth,Boone,86
Robert,Flores,83
John,Fox,19
William,Griffith,7
Jared,Russell,88
Kathryn,Holland,2
Kimberly,Snyder,14
Patricia,Griffin,81
Sandra,Vincent,4
Justin,Richards,54
Patrick,Murphy,74
Chelsea,Harris,97
Shaun,Garcia,7
Raven,Cook,12
Christopher,Cook,36
Cheryl,Thompson,6
Joseph,Terry,23
Eric,Vaughn,3
Donald,Bowen,65
John,Simpson,48
Julia,Burgess,92
Timothy,Roth,52
Chase,Cole,59
Pamela,Diaz,98
Sandra,Santos,30
Megan,White,28
Kelly,Blanchard,86
Dorothy,Adkins,5
Megan,Friedman,9
Bonnie,Andrade,8
Rodney,Johnson,36
Susan,Garza,65
Allison,Bradshaw,9
James,Campbell,32
David,Gay,4
Stephanie,Brady,10
Natalie,Hamilton,43
Madeline,Perez,83
Susan,Miller,9
Hannah,Mendez,62
Michelle,Winters,94
Derek,Smith,5
Kelly,Clark,7
Dawn,Robles,9
Darlene,Shea,66
Jasmine,Wise,2
Aaron,Hernandez,73
Annette,Buchanan,10
Andrea,Garrett,0
Amanda,Page,91
Alison,Hogan,1
Miguel,Young,74
Jeffrey,Morse,5
Sydney,Fowler,82
Angela,Shah,0
Regina,Gill,4
Stephanie,Hamilton,0
Jaclyn,Blair,1
Joshua,Whitaker,80
Mark,Harrison,93
Susan,Davis,74
Dawn,Kelley,0
Jerry,Reyes,5
Brittany,Dudley,24
John,Schneider,10
Robert,Barnes,8
Michele,Evans,74
Cody,Cummings,3
Jason,Duke,4
Jason,Strong,5
Troy,Perez,0
Christy,Elliott,66
Kevin,Miller,2
Danielle,Mendoza,67
Patricia,White,63
David,Walker,45
Nicole,Butler,60
Jesus,Wood,51
Shannon,Rodriguez,2
Steven,Haynes,3
Brenda,Thomas,45
Joseph,Munoz,26
Michael,Fletcher,97
Kevin,Gordon,8
Brett,Garrison,10
Stephanie,Becker,5
Tina,Moon,70
Michelle,Mata,5
Maria,Chapman,37
Ashley,Pearson,4
Kayla,Miller,76
James,Martin,1
Joseph,Lee,5
Brett,Nichols,4
Daniel,Fernandez,7
Jerry,Dawson,3
Jesus,Perez,3
Julie,Robbins,43
Tanya,Martinez,7
Jeffrey,Adams,50
Frank,Rodgers,6
John,Stewart,4
Phillip,Steele,65
Catherine,Coleman,4
Sarah,Thompson,17
Laura,Tyler,19
Joshua,Villegas,3
Sherry,Clark,81
Carolyn,Chang,0
Helen,Edwards,8
Gregory,Hardin,6
Antonio,Nelson,78
Bobby,Simmons,65
Patrick,Rojas,50
Joshua,Parks,37
Jennifer,Rodriguez,6
Kaitlin,Gutierrez,28
Eric,Williams,28
Brandy,Phillips,30
Dawn,Thomas,32
Jonathan,Fry,6
Daniel,Hart,86
Timothy,Smith,9
Robert,Jones,0
Samuel,Mack,8
Jeremiah,Simmons,5
Mary,Ruiz,59
Virginia,Bond,4
Timothy,Morgan,5
Karina,Barnes,76
Nancy,Hurst,4
John,Sexton,2
Sandra,Compton,40
William,Rangel,9
Kevin,Taylor,32
John,Rivas,8
Randall,Archer,91
Christopher,Choi,4
Dana,Mcintosh,95
Taylor,Vargas,6
Norman,Wong,90
Nathaniel,Miller,2
Vanessa,Sanchez,92
Virginia,Neal,37
Diana,Bryan,3
Michelle,Howard,18
Priscilla,Davis,0
Connie,Kelly,69
John,Walker,7
Leslie,Burns,35
Kevin,Taylor,4
Marc,Nichols,61
Jill,Hancock,0
Michele,Butler,13
Shawn,Rodriguez,89
Samantha,Beltran,85
Amanda,Shea,26
Suzanne,Norton,8
Kelly,Bryant,4
Kim,Hall,1
Savannah,Holmes,9
Jason,Scott,68
Kimberly,Taylor,1
Haley,Carroll,23
Katrina,Hill,91
Theresa,Williams,1
Kevin,Huang,3
Frank,Paul,9
Jerry,Maddox,42
Matthew,Jensen,49
Timothy,Wells,50
Emily,Woods,36
Matthew,Gutierrez,49
Melissa,Reid,9
Gregory,Obrien,4
Melissa,Stein,88
Martin,Price,0
Tracy,Henry,66
Kevin,Miller,69
Matthew,Ray,8
James,Robinson,8
James,Smith,7
Timothy,Schneider,8
Shelby,Cross,8
Heather,Williams,6
Meghan,Stewart,4
Andrew,Delgado,39
Samuel,Rhodes,56
Chelsea,Phillips,7
Pam,Horton,53
Michelle,Gilmore,5
Sarah,Benitez,87
Christopher,Gallagher,1
Laura,Calderon,1
Katie,Wolf,5
Emily,Thomas,68
Melanie,Williams,96
Marisa,Terry,2
Crystal,Blankenship,33
Kenneth,Jackson,48
James,Perez,79
Jerry,Becker,9
Courtney,Fitzgerald,21
Jimmy,Smith,51
Tanya,Campbell,33
James,Coleman,79
Daniel,Wall,96
Eric,Rivera,43
Mary,Rice,29
Holly,Gallegos,17
Elizabeth,Pitts,7
Bryan,Mejia,37
Nicole,Norris,73
Shannon,Edwards,5
Christopher,Eaton,44
Adam,Oliver,2
Anthony,Lara,0
Jonathan,Quinn,37
Matthew,Clark,95
Daniel,Gonzalez,1
Christy,Wilson,5
Lisa,Smith,5
Brian,Kramer,4
Andrea,Hunt,9
Brandon,Singleton,39
Lindsay,Ferguson,37
Jasmine,Kaiser,3
Meagan,Sawyer,36
Joshua,Owens,6
Kathleen,Hall,59
Michael,Gonzalez,4
Kayla,Miller,36
Cassandra,Schultz,72
Angela,Lynch,1
Dominique,Evans,9
Joseph,Jones,0
Kristen,Estrada,62
Benjamin,Thomas,88
Mitchell,Thomas,7
Elizabeth,Stout,2
Benjamin,Moore,1
Joshua,Banks,27
Joseph,Mcguire,19
Kathryn,Wilson,53
Darryl,Guerrero,6
Catherine,Thompson,0
Michael,Vega,1
Antonio,Johnson,49
Eric,Garcia,40
Randy,Booker,38
Raymond,Smith,36
Chelsea,Smith,49
Maria,Cortez,0
Tammy,Frey,45
Kimberly,Hansen,1
Christopher,Goodwin,89
Kristen,Bailey,5
Tiffany,Fernandez,86
Sarah,Miller,0
Angelica,Garcia,46
Mitchell,Morgan,66
Natasha,Bennett,5
Monique,Jones,41
Joy,Johnson,21
Isabella,Schmidt,1
Rodney,Camacho,69
William,White,26
Brian,Barnes,0
Brianna,Lee,17
Tamara,Quinn,5
Andrew,Gordon,4
Louis,Young,21
Sarah,Smith,2
Jesse,Miller,3
Juan,King,0
Latoya,Anderson,8
Zachary,Yoder,7
Derek,Smith,3
Andrew,Hogan,43
Kerri,Bridges,79
Elizabeth,Mason,37
Nicole,Farley,34
Kristina,Watson,5
Mark,Burgess,8
Crystal,Park,70
Jeremy,Brown,78
Andrew,Harrison,4
Luis,Brown,38
Joshua,Ford,99
Richard,Garza,12
Anthony,Bailey,6
Tina,Lopez,73
Laura,Torres,87
Tina,Bennett,38
Norman,Davis,66
Anthony,Allen,7
Frank,Leon,22
Samuel,Smith,4
Douglas,Donovan,5
Debra,Campbell,67
Curtis,Williams,46
Patricia,Vincent,4
Robert,Sims,18
Sara,Cook,9
John,Grimes,83
Emily,Brown,16
Matthew,Fields,8
Christopher,Johnson,2
Trevor,Thompson,73
Victor,Oneal,91
Christina,Macias,55
Kathryn,Carter,87
Tristan,Barnes,71
Melissa,Cervantes,6
Joseph,Ferrell,1
Olivia,Carney,20
Rebecca,Green,50
Victor,Hill,43
George,Morales,42
Edward,Buck,6
Gregory,Johnson,7
James,Moore,23
Pamela,Nelson,4
Sheri,Madden,4
Joseph,Clark,1
Sharon,Lutz,7
Crystal,Petersen,47
Kurt,Conner,88
James,Grant,9
Michael,Wilson,68
Ryan,Medina,5
Sara,Hernandez,90
Zachary,Ryan,63
April,Browning,6
Dalton,Vaughn,8
Angela,Taylor,16
Susan,Jensen,43
Tyler,Cline,0
Joseph,White,4
Sarah,Wilson,85
Stacie,Willis,2
Ana,Martinez,96
Ricky,Archer,7
Cassie,Myers,1
Jennifer,Terry,6
Katrina,Freeman,2
Alexandra,Valenzuela,29
Ryan,Vazquez,2
Michael,Hudson,2
Samantha,Gill,19
Christopher,Contreras,0
Christine,Bailey,39
Jack,Dennis,83
Cesar,Davis,89
David,Escobar,64
Chris,Olson,76
Elizabeth,Garrett,94
Joseph,Turner,45
Scott,Bowman,4
Sharon,Smith,43
Todd,Lowe,76
Jonathan,Greene,0
Jonathan,Holt,6
Shari,Duffy,9
Lisa,Hernandez,7
Aaron,Boyd,9
Adam,Smith,9
Barbara,Rojas,10
Deborah,Livingston,0
Angela,Dixon,5
Robert,Wiley,65
Cassandra,Walker,24
Amy,Stark,4
Hunter,Holden,68
April,White,1
Rebecca,Espinoza,7
Mark,Green,53
David,Wright,22
Jennifer,Ramirez,39
Jared,Cabrera,7
Tina,Higgins,6
Lisa,Smith,0
Richard,James,4
Lisa,James,34
Joseph,Mason,0
Theresa,Wilson,43
Amanda,Munoz,4
Stephanie,Benitez,0
Justin,Williams,6
Samuel,Walker,87
Nichole,Carter,6
John,Bowman,9
Angela,Jackson,9
Kristi,Stephens,5
Adam,York,26
Matthew,Coffey,14
Billy,Woodward,8
Charlene,Hancock,6
Traci,Jackson,43
Jessica,Heath,5
Matthew,Blake,1
Robert,Price,4
Valerie,Ramirez,7
Zachary,Simmons,45
Patricia,Brown,7
Lori,Bennett,3
Christopher,Larson,7
Michael,Figueroa,61
Catherine,Hays,1
Jessica,Brown,80
Bryan,Kelly,1
Whitney,Price,5
Melissa,Dean,2
James,Young,24
Victoria,Roberts,9
Kimberly,Anderson,21
Renee,White,5
Jeffrey,Lynch,56
Maria,Martinez,6
Cynthia,Reed,44
Rebecca,Kim,1
George,Mcconnell,35
Phillip,Lynch,29
David,Taylor,99
